Instances, FordFulkerson, EdmondsKarp, HighestLabelPushRelabel
1000, 205.71999999999997, 55.029999999999994, 656.3
1500, 392.79999999999995, 120.75999999999999, 3462.9
2000, 638.44, 198.7, 6752.3
2500, 875.0799999999999, 265.18, 12619.2
3000, 1355.05, 406.84000000000003, 23831.7
3500, 1708.33, 461.65, 36195.3
4000, 2465.1299999999997, 603.3199999999999, 55299.3
4500, 3002.37, 1062.25, 75191.4
5000, 3049.2, 887.21, 104502.3
