Instance, PushRelabel, EdmondsKarp
100, 41.666666666666664, 10.666666666666666
200, 125.33333333333333, 31.333333333333332
300, 224.0, 37.0
